{"cameraMode":{"drawMode":0,"name":"Shaded","section":"Shading Mode"},"sceneLighting":true,"audioPlay":false,"sceneViewState":{"m_AlwaysRefresh":false,"showFog":true,"showSkybox":true,"showFlares":true,"showImageEffects":true,"showParticleSystems":true,"showVisualEffectGraphs":true,"m_FxEnabled":true},"in2DMode":false,"pivot":{"x":0.8367472887039185,"y":1.690555453300476,"z":10.740299224853516},"rotation":{"x":-0.007368350401520729,"y":-0.7185664772987366,"z":0.007493124809116125,"w":-0.6955188512802124},"size":5.0748138427734379,"orthographic":false}