{"cameraMode":{"drawMode":0,"name":"Shaded","section":"Shading Mode"},"sceneLighting":false,"audioPlay":false,"sceneViewState":{"m_AlwaysRefresh":false,"showFog":true,"showSkybox":false,"showFlares":true,"showImageEffects":true,"showParticleSystems":true,"showVisualEffectGraphs":true,"m_FxEnabled":true},"in2DMode":false,"pivot":{"x":-2.5387396812438967,"y":2.6592986583709719,"z":-0.25587236881256106},"rotation":{"x":0.15287946164608003,"y":0.22246724367141725,"z":-0.03518401458859444,"w":0.9623506665229797},"size":0.3203188478946686,"orthographic":false}